{
  "project_info": {
    "project_number": "648217185077",
    "firebase_url": "https://calculatordb-c2f89.firebaseio.com",
    "project_id": "calculatordb-c2f89",
    "storage_bucket": "calculatordb-c2f89.appspot.com"
  },
  "client": [
    {
      "client_info": {
        "mobilesdk_app_id": "1:648217185077:android:065763b982e521d4a1da7c",
        "android_client_info": {
          "package_name": "com.example.calculator_db"
        }
      },
      "oauth_client": [
        {
          "client_id": "648217185077-f77n728jablsbq1is7q6pon1mgq9ol88.apps.googleusercontent.com",
          "client_type": 1,
          "android_info": {
            "package_name": "com.example.calculator_db",
            "certificate_hash": "4e2e5f3e2022644c24e420fdea882d4eca00d2b4"
          }
        },
        {
          "client_id": "648217185077-5p9hvusbdecpfk3ker75ml3q63o3iv83.apps.googleusercontent.com",
          "client_type": 3
        }
      ],
      "api_key": [
        {
          "current_key": "AIzaSyCrmyGwbjnPnrHZWjVNi4x4eN1eYHXu1LY"
        }
      ],
      "services": {
        "appinvite_service": {
          "other_platform_oauth_client": [
            {
              "client_id": "648217185077-5p9hvusbdecpfk3ker75ml3q63o3iv83.apps.googleusercontent.com",
              "client_type": 3
            }
          ]
        }
      }
    }
  ],
  "configuration_version": "1"
}